{"cameraMode":{"drawMode":0,"name":"Shaded","section":"Shading Mode"},"sceneLighting":true,"audioPlay":false,"sceneViewState":{"showFog":true,"showMaterialUpdate":true,"showSkybox":true,"showFlares":true,"showImageEffects":true,"showParticleSystems":true,"showVisualEffectGraphs":true,"m_FxEnabled":true},"in2DMode":false,"pivot":{"x":-1.6014323234558106,"y":-1.2293163537979127,"z":0.16065216064453126},"rotation":{"x":-0.0000036023657230543906,"y":0.9999316334724426,"z":-0.00030957069247961044,"w":-0.01169869489967823},"size":5.45484733581543,"orthographic":false}