{"cameraMode":{"drawMode":0,"name":"Shaded","section":"Shading Mode"},"sceneLighting":true,"audioPlay":false,"sceneViewState":{"showFog":true,"showMaterialUpdate":true,"showSkybox":true,"showFlares":true,"showImageEffects":true,"showParticleSystems":true,"showVisualEffectGraphs":true,"m_FxEnabled":true},"in2DMode":false,"pivot":{"x":379.3827819824219,"y":235.34744262695313,"z":94.38137817382813},"rotation":{"x":-0.06475767493247986,"y":-0.014372063800692559,"z":0.0009327122243121266,"w":-0.9977979063987732},"size":283.89471435546877,"orthographic":false}